time,id,len,x_point,y_point,x_speed,y_speed
16:13:24,1,4.40,100.736,5.952,98.64,0
16:13:31,3,5.00,100.928,6.336,97.56,0
16:13:51,6,5.40,100.224,6.272,132.48,0
16:14:01,7,6.40,100.672,24.576,-83.88,-1.44
16:14:07,8,4.40,100.8,6.592,106.2,0
16:14:36,9,4.40,100.096,7.104,116.64,0
16:14:51,11,4.40,100.352,19.264,-79.92,2.88
16:15:05,13,6.00,100.352,3.136,69.84,0
16:15:06,15,4.40,100.672,9.664,131.04,0
16:16:28,21,4.40,100.736,2.56,101.88,0
16:16:33,20,8.60,100.928,23.168,-55.44,1.08
16:16:56,22,8.60,100.224,23.68,-48.96,1.44
16:16:58,24,8.60,100.48,23.36,-50.4,0
16:16:59,23,8.60,100.736,22.976,-50.76,2.52
16:17:08,28,4.40,100.288,19.136,-65.52,1.08
16:17:09,29,4.40,100.992,2.944,109.8,0
16:17:10,30,6.40,100.416,23.68,-62.28,0
16:17:17,31,8.00,100.608,5.504,98.28,0
16:17:29,34,8.60,100.672,24,-88.2,-0.72
16:18:03,36,5.00,100.8,9.856,134.28,0
16:18:15,37,5.40,100.544,10.176,112.68,0
16:18:28,41,7.40,100.928,5.632,92.16,0
16:19:04,43,3.20,45.632,10.112,110.88,0
16:19:06,43,4.40,100.864,10.688,111.96,0
16:19:06,44,4.40,100.736,13.76,111.6,0
16:20:00,46,4.40,100.672,9.6,150.48,0
16:20:20,47,5.40,100.096,19.52,-94.32,-1.08
16:21:00,48,4.40,100.992,10.752,138.96,0
16:21:04,49,1.00,100.928,2.496,87.84,0
16:21:17,50,6.00,100.672,2.752,63.72,0
16:21:39,52,8.40,100.096,2.24,54.72,0
16:21:58,60,5.00,100.736,6.72,106.2,0
16:22:05,61,8.60,100.672,27.776,-49.68,1.44
16:22:05,62,8.60,100.928,22.336,-49.32,0.36
16:22:08,63,8.60,100.928,19.136,-73.8,0.36
16:22:17,68,5.40,100.672,5.824,104.76,0
16:22:26,69,5.00,100.928,10.176,105.84,0
16:22:27,70,4.40,100.8,10.24,102.6,0
16:22:53,78,4.40,100.672,9.664,137.52,0
16:23:19,81,5.00,100.416,25.152,-71.28,0
16:23:37,85,3.20,100.16,11.2,96.84,0
16:23:37,84,4.40,100.544,6.08,97.56,0
16:23:43,86,5.40,100.416,5.888,102.6,0
16:24:06,88,8.60,100.224,23.104,-75.96,3.96
16:24:12,91,8.60,100.16,22.144,-69.84,0.36
16:24:15,92,4.40,100.416,6.208,113.4,0
16:24:30,94,8.60,100.352,22.592,-76.32,0.72
16:25:17,99,4.40,100.224,9.6,122.04,0
16:25:17,98,4.40,100.352,3.52,100.44,0
16:25:20,97,4.40,100.48,22.464,-77.4,0.36
16:25:25,101,3.20,100.608,24.128,-82.44,-0.36
16:25:26,100,8.60,100.608,23.04,-84.96,2.16
16:25:43,102,5.00,100.224,6.592,98.28,0
16:25:46,103,8.60,100.096,24.384,-72,-0.36
16:25:52,105,8.60,100.928,22.784,-87.48,2.16
16:26:36,108,5.00,100.416,5.696,110.88,0
16:26:58,110,5.40,100.288,6.464,94.32,0
16:27:21,112,5.00,100.224,6.464,123.84,0
16:27:50,114,4.40,100.736,6.976,131.4,0
16:28:18,118,8.00,100.352,6.144,117.72,0
16:28:25,120,4.40,100.992,2.752,124.2,0
16:28:32,121,4.40,100.288,7.104,113.4,0
16:28:37,125,5.40,100.416,5.696,99.72,0
16:29:46,130,4.40,100.992,10.24,129.96,0
16:29:50,132,4.40,100.032,11.392,64.44,0
16:29:50,131,7.00,100.16,2.624,64.8,0
16:29:55,134,5.00,100.672,6.208,106.56,0
16:30:01,135,5.40,100.288,6.144,105.84,0
16:30:34,136,4.40,100.928,6.272,117,0
16:30:55,140,4.40,100.608,23.104,-61.92,-0.36
16:30:58,141,7.40,100.48,5.76,133.2,0
16:30:59,142,4.40,100.608,10.56,117.72,0
16:31:22,144,4.40,100.608,6.336,117.36,0
16:31:27,145,4.40,100.736,6.208,122.04,0
16:31:40,149,7.40,100.864,4.608,97.2,0
16:31:47,150,8.60,100.736,23.936,-58.32,-0.72
16:31:48,151,4.40,100.096,6.464,129.96,0
16:31:54,154,4.40,100.096,6.272,110.16,0
16:31:58,155,4.40,100.992,23.04,-79.56,-0.36
16:31:59,158,4.40,100.864,10.752,118.08,0
16:32:01,159,5.00,100.992,6.464,93.6,0
16:32:04,163,4.40,100.096,7.232,96.84,0
16:32:05,162,5.00,100.16,10.176,112.32,0
16:32:05,161,10.00,100.864,2.24,75.96,0
16:32:13,164,8.00,100.224,6.208,119.88,0
16:32:13,166,4.40,100.288,9.472,104.4,0
16:32:13,165,6.00,100.16,2.688,142.56,0
16:32:15,167,5.40,100.736,5.952,102.96,0
16:32:15,168,6.00,100.672,3.072,110.16,0
16:32:22,169,5.00,100.608,12.416,104.76,0
16:32:25,170,8.60,100.288,21.824,-78.12,-0.36
16:32:26,173,4.40,100.352,9.728,126,0
16:32:32,175,4.40,100.736,9.344,107.28,0
16:32:47,178,8.40,100.928,1.664,107.64,-0.36
16:33:07,181,8.40,100.032,6.72,105.12,0
16:33:08,183,6.00,100.288,3.52,97.56,0
16:33:25,191,4.40,100.16,22.848,-70.92,-0.36
16:33:25,190,8.60,100.8,24.32,-71.28,2.52
16:33:32,194,4.40,100.352,6.08,115.92,0
16:33:34,193,8.60,100.416,22.272,-86.4,0.36
16:33:53,198,6.00,100.352,2.816,88.2,0
16:34:16,205,4.40,100.032,6.848,122.4,0
16:34:20,206,5.00,100.608,18.496,-87.12,1.8
16:34:21,207,4.40,100.16,9.92,114.84,0
16:34:50,209,4.40,100.608,6.72,105.12,0
16:34:58,211,4.00,100.096,4.928,93.24,0
16:35:00,213,8.40,100.224,6.208,92.16,0
16:35:12,216,4.40,100.032,11.456,102.6,0
16:35:18,218,4.40,100.224,6.976,105.48,0
16:35:26,220,5.40,100.416,6.336,109.08,0
16:35:29,221,5.40,100.48,4.864,119.88,0
16:36:02,223,4.40,100.288,6.272,109.08,0
16:36:09,224,7.00,100.992,3.84,106.92,0
16:36:21,226,8.60,100.416,2.24,72.72,0
16:36:39,231,6.00,100.352,2.24,78.84,0
16:36:51,237,4.40,100.16,11.072,114.84,0
16:36:52,234,8.60,100.48,3.136,71.28,0
16:36:53,238,4.40,100.544,11.968,70.2,0
16:37:05,241,8.60,100.032,22.208,-74.88,0.72
16:37:06,243,4.40,100.8,9.408,119.16,0
16:37:26,247,5.40,100.544,5.696,108.72,0
16:37:36,248,5.00,100.544,11.456,117.36,0
16:37:41,249,4.40,100.16,11.072,109.44,0
16:37:52,252,5.00,100.608,6.4,132.12,0
16:38:03,253,4.00,100.352,6.4,79.2,0
16:38:06,254,5.00,100.288,8.32,85.32,0
16:38:22,259,4.40,100.864,24.064,-82.08,-1.8
16:38:35,265,7.00,100.416,6.656,98.28,0
16:38:45,266,4.40,100.544,6.464,115.56,0
16:38:58,267,4.60,100.224,2.496,79.56,0
16:38:59,268,4.40,100.8,6.336,85.68,0
16:39:05,271,12.40,100.672,6.144,90.36,0
16:39:06,272,5.40,100.48,9.984,116.64,0
16:39:07,273,4.40,100.224,5.952,86.04,0
16:39:20,275,8.60,100.928,1.6,77.76,-0.72
16:39:35,278,8.60,100.032,2.176,72.36,0
16:39:39,280,5.40,100.224,6.144,96.84,0
16:39:40,283,4.40,100.224,10.176,124.92,0
16:39:52,286,8.60,100.352,2.56,82.44,0
16:40:05,288,5.00,100.8,12.16,121.68,0
16:40:24,291,4.40,100.608,6.336,91.8,0
16:40:25,292,5.00,100.032,9.6,120.6,0
16:40:44,295,8.40,100.8,2.944,102.24,0
16:41:00,296,8.60,100.736,23.36,-66.6,0.72
16:41:12,299,7.00,100.8,5.696,119.16,0
16:41:27,300,7.40,100.288,5.824,123.12,0
16:41:33,301,5.00,100.416,6.976,117.72,0
16:41:40,302,7.40,100.032,5.952,113.76,0
16:41:51,305,4.40,100.16,9.856,127.08,0
16:42:06,306,4.40,100.224,11.328,158.04,0
16:42:27,310,8.40,100.672,5.952,100.08,0
16:42:31,311,8.00,100.864,21.312,-100.08,0
16:42:38,312,1.40,100.48,3.904,89.64,0
16:42:39,313,5.00,100.48,10.496,104.76,0
16:42:48,314,5.00,100.416,6.336,107.28,0
16:42:53,316,5.00,100.608,6.848,106.92,0
16:43:04,318,4.40,100.608,9.6,123.48,0
16:43:49,320,5.00,100.224,6.208,109.8,0
16:43:58,321,7.40,100.928,5.184,104.4,0
16:44:34,324,8.00,100.736,4.032,94.32,0
16:44:35,323,8.60,100.16,18.688,-77.76,0.72
16:45:45,327,4.40,100.608,8.832,77.04,0
16:45:45,326,4.40,100.544,2.24,78.12,0
16:45:58,328,5.00,100.864,6.656,114.48,0
16:46:17,332,2.60,100.224,2.176,72,0
16:47:10,339,4.40,100.544,25.088,-56.52,3.24
16:47:37,342,5.40,100.736,6.528,107.64,0
16:48:00,343,4.40,100.352,6.656,123.12,0
16:48:32,344,4.40,100.416,9.408,117.36,0
16:48:49,345,4.40,100.864,19.52,-73.44,0.72
16:49:08,346,4.40,100.672,9.472,115.92,0
16:49:13,349,4.40,100.224,12.928,113.76,0
16:49:14,348,5.40,100.416,6.144,82.8,0
16:49:42,351,5.40,100.992,5.76,102.24,0
16:50:12,352,7.00,100.544,5.696,117.72,0
16:50:30,356,1.00,100.352,3.328,71.64,0
16:50:37,357,2.60,100.608,6.4,81.36,0
16:51:01,360,8.40,100.672,5.248,101.88,0
16:51:10,366,6.40,100.544,9.92,114.84,0
16:51:12,368,4.40,100.48,10.752,126.72,0
16:51:21,370,6.40,100.48,7.232,102.96,0
16:51:25,371,12.40,100.288,2.816,79.92,0
16:52:04,373,8.40,100.672,5.824,79.56,0
16:52:47,377,8.60,100.608,20.608,-74.88,1.44
16:53:02,380,4.40,100.992,22.72,-63.36,1.08
16:53:14,382,6.00,100.736,5.76,120.6,0
16:54:18,385,4.40,100.416,6.336,111.6,0
16:54:34,386,4.40,100.288,4.992,102.24,0
16:55:11,388,4.00,100.096,2.496,84.24,0
16:55:56,396,4.40,100.992,9.856,153.36,0
16:56:09,399,5.00,100.544,6.72,121.32,0
16:56:26,401,4.40,100.288,9.664,137.88,0
16:56:32,402,7.40,100.352,6.4,101.52,0
16:56:57,406,6.00,100.864,22.336,-59.04,0.72
16:57:43,409,6.00,100.16,23.168,-81.72,0
16:57:48,410,4.40,100.736,6.08,114.84,0
16:58:08,413,8.60,100.992,23.808,-60.48,1.08
16:58:57,419,5.00,100.8,3.904,105.12,0
16:59:55,424,5.00,100.032,6.784,110.52,0
17:00:00,425,4.40,100.416,7.936,129.6,0
17:00:25,427,5.00,100.672,2.496,123.48,0
17:00:33,429,5.00,100.8,3.2,120.96,0
17:00:49,432,4.40,100.032,23.168,-74.88,-1.44
17:00:49,433,5.00,100.096,10.368,115.92,0
17:01:03,435,5.40,100.096,7.232,95.4,0
17:01:23,437,4.40,100.096,6.784,85.68,0
17:01:25,438,4.40,100.736,6.528,87.48,0
17:01:40,440,7.00,100.288,2.88,120.6,0
17:01:48,445,4.40,100.736,22.72,-76.68,0.72
17:01:49,447,4.40,100.032,6.784,116.64,0
17:02:07,448,6.40,100.8,5.952,116.64,0
17:02:26,449,5.00,100.48,3.072,97.2,0
17:02:26,450,5.00,100.864,21.184,-69.12,0
17:02:54,452,10.40,100.16,6.4,90.36,0
17:02:55,453,4.40,100.16,9.92,116.28,0
17:02:59,454,4.40,100.352,6.656,108.36,0
17:03:04,457,5.00,100.352,9.152,119.88,0
17:03:36,463,6.40,100.032,9.408,115.2,0
17:03:42,464,6.00,100.352,5.632,97.2,0
17:03:58,466,1.00,100.544,6.144,66.24,0
17:04:14,468,5.00,100.352,2.944,102.24,0
17:05:23,477,4.40,100.032,6.528,104.76,0
17:05:38,479,4.40,100.928,2.88,78.84,0
17:05:42,481,5.00,100.608,3.392,84.96,0
17:06:05,485,4.40,100.224,11.008,72,0
17:06:05,484,3.00,100.032,2.56,72.72,0
17:07:00,490,4.40,100.48,2.304,101.16,0
17:08:26,495,4.40,100.8,9.792,69.48,0
17:08:26,493,8.60,100.288,1.984,69.84,0
17:08:31,496,4.40,100.608,10.688,151.2,0
17:08:37,497,4.40,100.8,7.04,132.84,0
17:09:33,498,5.00,100.864,6.784,99.36,0
17:10:04,500,11.40,100.8,2.496,61.2,0
17:10:37,509,8.00,100.928,6.336,73.08,0
17:11:03,515,4.40,100.288,12.672,124.2,0
17:11:05,517,3.20,100.8,12.16,68.76,0
17:11:05,514,2.40,100.032,2.944,71.28,0
17:11:08,518,4.40,100.8,6.848,88.56,0
17:11:39,525,4.40,100.608,2.816,73.8,0
17:11:43,529,5.00,100.544,6.4,92.88,0
17:12:29,533,4.40,100.608,6.784,131.4,0
17:12:34,535,5.00,100.8,9.536,113.4,0
17:12:52,536,4.40,100.416,6.72,124.92,0
17:13:14,537,6.00,100.864,23.36,-76.68,0
17:14:35,539,5.00,100.48,9.536,124.2,0
17:14:42,540,4.40,100.352,9.664,112.68,0
17:15:46,543,5.40,100.928,19.456,-79.92,1.8
17:15:58,545,4.40,100.032,6.464,106.2,0
17:15:59,547,4.40,100.416,9.664,112.32,0
17:16:02,548,8.60,100.672,21.12,-92.88,0.72
17:16:04,549,8.60,100.544,28.224,-96.48,5.04
17:16:35,550,4.40,100.928,6.976,175.68,0
17:17:22,553,4.00,100.992,5.504,84.6,0
17:17:47,554,10.00,100.864,2.816,81,0
17:17:47,555,5.00,100.352,9.472,115.56,0
17:18:13,556,4.40,100.096,19.52,-84.24,0
17:18:26,558,4.40,100.8,24.064,-83.16,0
17:19:09,559,5.00,100.16,22.016,-73.44,-0.36
17:19:14,561,4.40,100.672,5.952,113.04,0
17:19:15,562,4.40,100.16,9.984,143.64,0
17:19:32,563,4.40,100.8,6.784,143.28,0
17:20:26,567,8.60,100.224,19.648,-77.04,0.72
17:20:26,568,5.00,100.864,27.584,-76.32,-0.36
17:20:37,571,5.00,100.416,23.232,-56.52,1.08
17:20:43,572,4.40,100.416,6.336,122.76,0
17:21:09,575,6.00,100.544,9.856,117.36,0
17:21:10,576,4.40,100.352,7.36,132.12,0
17:21:19,578,5.00,100.8,6.208,128.16,0
17:22:12,580,8.60,100.8,23.616,-74.16,1.08
17:22:14,581,5.00,100.096,9.6,110.16,0
17:22:20,584,6.00,100.864,5.888,102.6,0
17:22:23,583,4.40,100.864,24.384,-65.16,-0.36
17:22:39,586,4.40,100.544,6.656,98.28,0
17:22:40,587,5.00,100.928,9.536,140.4,0
17:23:11,596,4.40,100.032,11.328,129.24,0
17:23:22,598,5.00,100.48,6.272,97.2,0
17:23:24,600,4.40,100.672,9.728,111.24,0
17:23:31,602,12.40,100.16,6.144,96.12,0
17:23:47,604,4.40,100.096,7.168,111.6,0
17:24:17,606,5.00,100.224,9.792,120.96,0
17:24:42,608,8.60,100.736,2.496,80.64,0
17:24:59,610,5.00,100.8,6.08,105.84,0
17:25:06,609,8.60,100.672,23.744,-66.6,-0.36
17:25:09,614,8.40,100.736,3.328,96.48,0
17:25:12,615,6.00,100.096,2.56,105.48,0
17:25:30,617,8.40,100.544,5.888,97.92,0
17:25:46,619,5.40,100.928,5.952,110.52,0
17:25:46,620,4.40,100.608,9.792,121.32,0
17:25:54,623,8.00,100.864,4.992,96.48,0
17:26:08,625,6.40,100.928,3.072,74.88,0
17:26:15,626,6.00,100.992,2.304,80.28,0
17:26:17,631,5.00,100.608,10.304,109.08,0
17:27:38,643,1.40,100.48,6.08,79.92,0.36
17:27:39,642,4.40,100.608,2.624,81.72,0
17:28:11,652,2.40,100.736,5.696,73.44,0
17:28:19,653,6.00,100.864,2.496,76.32,0
17:28:33,655,5.40,100.672,9.344,93.24,0
17:28:50,657,5.40,100.544,4.672,88.56,0
17:28:51,658,5.00,100.8,10.368,103.32,0
17:28:56,661,4.40,100.992,2.688,75.96,0
17:29:10,663,5.00,100.608,8.768,147.24,0
17:30:06,666,4.40,100.16,6.464,68.04,0
17:30:13,667,5.00,100.992,10.88,111.6,0
17:30:20,668,8.40,100.352,5.888,99,0
17:30:40,671,5.00,100.992,2.048,72.72,0
17:30:44,674,4.40,100.352,10.624,71.28,0
17:30:44,672,6.00,100.928,2.56,72,0
17:31:08,675,1.40,100.096,2.048,86.04,0
17:31:11,676,4.00,100.032,2.56,83.88,0
17:31:24,681,4.40,100.608,5.632,116.28,0
17:31:55,683,4.40,100.544,23.104,-60.84,-1.8
17:32:05,686,8.60,100.864,6.272,67.32,0
17:32:14,688,12.40,100.48,4.992,77.76,0
17:32:19,689,4.40,100.736,21.248,-67.68,-0.36
17:32:29,693,8.60,100.224,2.56,74.16,0
17:32:29,692,2.60,100.48,7.936,74.16,0
17:32:36,696,5.00,100.672,12.096,121.68,0
17:32:39,699,10.40,100.928,5.504,92.88,0
17:32:45,701,5.40,100.992,5.76,105.12,0
17:32:54,703,5.40,100.928,22.08,-83.16,2.52
17:33:10,705,6.00,100.224,6.848,138.24,0
17:33:22,707,6.00,100.8,23.232,-85.32,-0.72
17:33:34,708,5.00,100.48,6.592,132.12,0
17:33:55,712,8.60,100.096,22.4,-69.84,0
17:35:09,718,4.40,100.608,10.688,130.68,0
17:35:16,717,4.40,100.032,22.72,-71.28,2.16
17:35:16,720,4.40,100.928,11.072,117.36,0
17:35:17,719,5.00,100.864,6.144,92.16,0
17:35:25,722,4.40,100.544,10.112,126.36,0
17:35:30,723,4.00,100.416,2.496,70.2,0
17:35:37,724,8.40,100.288,6.464,109.8,0
17:35:39,725,4.40,100.416,10.176,123.84,0
17:35:41,726,4.40,100.16,10.432,119.52,0
17:35:42,727,4.40,100.736,21.824,-71.64,0.36
17:35:48,729,5.40,100.736,2.048,65.88,0
17:35:53,732,4.40,100.224,7.04,96.48,0
17:35:55,733,5.00,100.736,9.344,95.4,0
17:35:55,736,3.20,100.864,14.72,95.4,0
17:36:45,745,4.40,100.8,6.4,102.24,0
17:37:19,747,4.40,100.288,10.304,129.24,0
17:37:20,746,6.00,100.416,2.752,78.12,0
17:37:26,748,5.00,100.864,9.664,127.08,0
17:37:56,754,8.60,100.928,22.4,-63.36,1.44
17:38:10,758,4.40,100.736,12.416,109.08,0
17:38:27,763,4.40,100.096,13.184,113.76,0
17:38:40,771,5.00,100.032,9.6,121.32,0
17:38:40,772,4.40,100.16,13.952,122.4,0
17:39:10,775,5.00,100.288,6.08,88.2,0
17:39:52,779,4.40,100.928,8.064,120.6,0
17:39:59,778,8.60,100.8,19.2,-83.88,2.16
17:40:04,781,10.40,100.736,2.752,76.32,0
17:40:20,784,8.00,100.992,5.696,103.68,0
17:40:32,788,4.40,100.8,8.832,77.76,0
17:40:32,786,6.00,100.864,2.88,78.84,0
17:40:37,789,5.00,100.672,6.592,96.12,0
17:40:46,790,8.60,100.736,21.184,-75.96,-0.72
17:41:13,794,5.40,100.416,7.04,143.28,0
17:41:19,796,7.00,100.544,5.952,103.68,0
17:41:34,797,5.00,100.736,7.168,91.08,0
17:41:41,798,4.40,100.608,10.624,133.56,0
17:42:00,799,4.40,100.8,6.976,78.84,0
17:42:01,800,8.60,100.736,2.112,78.48,0
17:42:43,804,5.00,100.864,6.4,108.72,0
17:43:23,805,4.40,100.736,6.656,82.8,0
17:43:30,807,5.00,100.608,6.4,99.36,0
17:43:35,808,7.00,100.544,6.464,101.16,0
17:43:56,816,4.40,100.288,10.048,111.6,0
17:44:09,817,6.40,100.416,5.824,115.56,0
17:44:26,818,4.40,100.992,6.208,121.32,0
17:44:35,819,5.40,100.096,5.568,114.84,0
17:44:48,821,8.40,100.672,5.888,88.56,0
17:45:07,822,4.40,100.16,8.576,115.56,0
17:45:12,825,3.20,100.928,11.392,73.44,0
17:45:12,824,8.60,100.032,2.368,74.52,0
17:45:35,826,3.00,100.736,6.4,96.84,0
17:45:38,827,5.00,100.672,8.704,117,0
17:45:44,828,4.40,100.16,10.048,123.84,0
17:45:49,830,3.00,100.928,2.56,73.44,0
17:45:54,832,4.40,100.224,6.784,106.92,0
17:45:54,831,8.60,100.608,24.256,-80.64,0.72
17:46:11,841,8.60,100.352,19.392,-65.16,1.08
17:46:11,840,5.00,100.864,5.952,112.68,0
17:46:18,844,4.40,100.48,24.32,-56.88,0.36
17:46:19,845,5.40,100.8,18.368,-75.96,2.16
17:47:23,851,4.60,100.352,2.816,82.08,0
17:47:46,859,5.40,100.288,21.504,-71.28,-0.36
17:47:54,863,8.00,100.288,7.104,101.88,0
17:47:55,861,8.60,100.224,22.848,-65.88,-0.36
17:47:55,862,8.60,100.736,23.616,-66.96,2.52
17:48:02,865,2.40,100.288,5.952,84.96,0
17:48:17,868,5.00,100.608,3.84,143.64,0
17:48:18,869,5.00,100.288,10.112,117.72,0
17:48:24,871,4.40,100.16,23.232,-70.56,-2.16
17:48:49,874,5.40,100.032,6.592,120.96,0
17:48:56,875,5.40,100.672,5.568,97.56,0
17:49:07,876,4.40,100.16,7.104,112.68,0
17:49:17,877,4.00,100.864,2.88,75.24,0
17:49:36,879,5.00,100.16,7.04,131.4,0
17:50:05,884,8.60,100.8,22.08,-63.72,-1.8
17:50:17,885,6.00,100.992,2.56,75.6,0
17:50:26,887,6.40,100.608,19.328,-74.52,0
17:50:50,890,4.40,100.864,-2.944,75.6,-0.36
17:50:58,891,7.00,100.864,6.272,123.84,0
17:51:01,893,8.40,100.48,6.336,88.56,0
17:51:03,894,4.40,100.032,10.432,124.92,0
17:51:31,896,3.00,100.288,5.184,83.88,0
17:52:15,903,1.20,100.352,2.368,84.6,0
17:52:15,904,4.40,100.352,9.408,150.48,0
17:52:46,909,8.60,100.096,23.296,-73.08,2.16
17:52:55,910,8.60,100.608,21.056,-84.6,-1.44
17:53:11,913,1.00,100.992,22.208,-59.4,0.36
17:53:28,915,8.60,100.032,22.4,-54,1.44
17:53:42,917,4.40,100.608,19.008,-82.8,0.72
17:54:02,918,8.00,100.224,5.632,91.08,0
17:54:18,920,9.00,100.992,2.944,68.4,0
17:54:25,921,12.00,100.864,2.56,76.32,0
17:54:31,925,1.40,100.992,4.48,82.08,0
17:54:39,928,6.00,100.48,2.304,47.52,0
17:54:43,932,4.40,100.352,7.168,132.84,0
17:55:11,938,5.40,100.928,6.72,104.4,0
17:55:24,944,4.40,100.224,9.856,113.04,0
17:55:35,946,4.40,100.288,22.272,-82.44,1.8
17:55:58,948,8.60,100.8,2.304,84.24,0
17:56:23,952,7.00,100.16,6.592,118.08,0
17:57:08,956,8.60,100.096,2.176,77.4,0
17:57:54,964,11.00,100.544,2.816,76.68,0
17:58:33,966,4.40,100.864,9.728,154.44,0
17:58:41,968,5.00,100.48,7.68,92.16,0
17:59:48,973,5.00,100.16,6.464,72.36,0
17:59:58,974,5.00,100.096,7.424,127.8,0
18:00:14,976,8.60,100.48,21.184,-73.44,1.8
18:00:19,979,5.00,100.928,2.432,74.88,0
18:00:30,983,4.40,100.8,2.56,89.28,0
18:00:34,985,6.00,100.736,6.4,111.24,0
18:00:53,987,5.40,100.16,5.376,78.84,0
18:01:06,988,1.40,100.608,3.008,77.76,0
18:01:08,989,8.60,100.416,22.4,-79.56,1.8
18:02:14,993,12.40,100.416,2.496,78.84,0
18:02:25,995,8.60,100.864,1.664,82.8,0
18:02:46,997,4.00,100.352,3.136,81,0
18:02:53,999,5.00,100.352,6.592,110.52,0
18:03:29,1006,5.40,100.736,17.984,-63,0.72
18:03:29,1005,5.00,100.864,18.752,-62.64,-1.08
18:03:55,1009,6.00,100.8,6.464,96.48,0
18:03:58,1011,4.40,100.16,23.68,-91.44,0.36
18:03:58,1010,4.40,100.608,22.4,-91.08,-1.44
18:03:58,1012,5.00,100.224,6.4,128.16,0
18:04:03,1013,4.40,100.736,4.928,98.64,0
18:04:03,1014,5.00,100.864,10.048,102.24,0
18:04:04,1015,4.40,100.928,6.4,105.12,0
18:04:12,1017,7.40,100.352,5.888,118.08,0
18:04:31,1019,5.40,100.992,22.528,-43.56,1.08
18:04:47,1021,5.40,100.416,6.784,95.4,0
18:05:22,1024,6.00,100.288,2.496,80.28,0
18:05:46,1026,5.40,100.864,10.688,132.84,0
18:05:52,1027,4.40,100.096,9.344,117.72,0
18:06:13,1030,4.40,100.096,10.176,107.64,0
18:06:16,1031,4.40,100.416,18.496,-75.24,0
18:06:22,1033,4.40,100.16,10.112,59.76,0
18:06:22,1032,8.60,100.544,2.112,60.84,0
18:06:37,1035,7.00,100.032,6.144,107.64,0
18:07:16,1039,8.40,100.8,21.12,-68.76,1.08
18:07:43,1042,5.00,100.352,6.272,114.84,0
18:07:45,1044,5.00,100.416,10.048,115.2,0
18:08:06,1048,5.40,100.928,6.336,98.28,0
18:08:07,1050,4.40,100.544,9.728,101.52,0
18:08:10,1049,4.40,100.48,23.104,-80.64,3.24
18:08:16,1051,4.40,100.8,7.168,114.48,0
18:08:25,1052,4.40,100.352,6.912,131.4,0
18:08:27,1055,5.00,100.736,9.408,115.56,0
18:08:34,1056,8.60,100.992,23.488,-77.76,3.6
18:09:01,1060,5.00,100.48,7.296,116.64,0
18:09:18,1062,6.00,100.48,2.304,75.96,0
18:09:25,1064,10.00,100.032,2.56,94.68,0
18:09:35,1066,8.60,100.224,22.848,-68.04,0.36
18:09:44,1069,4.40,100.8,19.328,-79.2,1.44
18:10:18,1074,8.60,100.224,23.04,-69.48,0.72
18:10:32,1076,5.40,100.608,19.072,-90.72,2.52
18:10:33,1077,6.00,100.8,2.944,71.64,0
18:10:48,1083,8.60,100.992,22.4,-62.64,1.08
18:11:24,1086,5.00,100.16,17.856,-81,0.36
18:11:29,1088,5.00,100.032,9.536,114.48,0
18:11:39,1089,8.40,100.224,2.752,83.88,0
18:11:47,1092,7.00,100.608,20.544,-84.24,0.36
18:11:48,1091,4.60,100.8,3.264,78.84,0
18:12:26,1101,5.00,100.16,9.664,128.52,0
18:12:58,1104,4.40,100.224,20.992,-70.56,0.36
18:13:21,1106,4.40,100.288,9.984,110.52,0
18:13:29,1109,1.00,100.736,5.184,90,0
18:13:42,1110,12.40,100.928,2.304,72.72,0
18:13:53,1115,4.40,100.864,6.784,112.32,0
18:14:51,1122,5.00,100.736,9.536,114.84,0
18:15:17,1126,4.40,100.224,11.136,103.68,0
18:16:06,1131,8.60,100.416,21.184,-69.84,2.16
18:16:07,1130,11.00,100.672,6.592,84.6,0
18:16:36,1135,4.00,100.992,2.688,87.12,0
18:16:41,1136,6.00,100.48,6.336,88.56,0
18:17:43,1150,5.40,100.416,6.4,138.6,0
18:18:10,1151,8.40,100.224,6.144,102.96,0
18:18:11,1153,7.00,100.224,3.776,95.04,0
18:18:19,1155,4.40,100.672,6.976,108,0
18:18:25,1156,4.40,100.096,12.032,111.24,0
18:18:42,1158,8.60,100.416,19.264,-88.2,3.24
18:18:57,1160,6.00,100.416,6.336,126.72,0
18:19:14,1164,4.40,100.224,9.792,119.88,0
18:19:24,1165,5.00,100.992,10.688,110.52,0
18:19:25,1166,4.40,100.48,6.528,110.16,0
18:19:30,1170,8.60,100.16,23.488,-77.76,0
18:19:30,1168,6.00,100.352,7.168,83.88,0
18:19:31,1167,4.60,100.352,2.816,64.08,0
18:19:37,1173,4.40,100.8,10.432,124.56,0
18:19:41,1174,5.00,100.48,7.296,106.56,0
18:20:17,1181,4.40,100.992,9.664,100.44,0
18:20:32,1184,4.40,100.8,10.688,129.6,0
18:20:32,1182,3.00,100.096,2.048,68.76,0
18:20:52,1185,4.40,100.096,6.528,105.84,0
18:21:24,1188,7.00,100.544,5.376,110.88,0
18:21:36,1189,5.00,100.736,6.912,115.56,0
18:21:38,1190,4.40,100.608,9.856,131.76,0
18:21:51,1192,3.20,100.864,18.496,-69.48,0
18:21:53,1193,5.00,100.352,9.984,115.56,0
18:22:24,1195,5.40,100.992,23.232,-66.96,-1.08
18:22:24,1196,8.60,100.608,22.144,-66.96,2.52
18:22:30,1197,5.40,100.8,5.504,98.28,0
18:22:30,1198,4.40,100.928,10.496,117.72,0
18:22:36,1199,11.00,100.416,2.368,56.16,0
18:22:59,1203,4.40,100.288,9.856,132.84,0
18:23:39,1207,4.40,100.352,22.4,-69.48,1.08
18:24:41,1212,8.60,100.224,2.944,78.48,0
18:24:49,1216,5.00,100.416,18.432,-76.32,1.8
18:24:59,1220,5.00,100.224,6.72,125.28,0
18:25:32,1224,8.60,100.736,2.432,69.12,0
18:25:38,1227,8.60,100.48,1.92,87.12,0
18:25:41,1229,5.40,100.288,9.856,112.32,0
18:26:13,1233,4.40,100.544,12.416,123.84,0
18:26:13,1232,4.40,100.928,3.456,105.12,0
18:26:26,1234,4.40,100.352,6.976,101.16,0
18:26:48,1236,5.40,100.224,21.888,-68.76,0
18:26:48,1235,4.40,100.864,23.552,-69.48,4.32
18:27:48,1237,4.00,100.032,6.464,85.68,0
18:27:53,1241,5.40,100.928,23.68,-65.52,1.8
18:28:24,1244,2.60,100.928,6.976,92.16,0
18:28:30,1245,5.00,100.608,5.952,128.88,0
18:29:36,1255,6.40,100.224,11.136,112.32,0
18:30:02,1265,4.40,100.544,6.784,142.56,0
18:30:06,1268,8.60,100.864,20.864,-84.96,3.24
18:30:09,1267,8.60,100.48,23.808,-64.08,0
18:30:53,1277,4.40,100.288,22.08,-61.2,0.36
18:31:06,1278,4.40,100.992,22.848,-68.4,1.44
18:31:11,1280,4.40,100.16,18.496,-73.8,1.08
18:31:12,1281,4.40,100.864,9.344,116.64,0
18:31:17,1284,12.40,100.928,3.456,75.6,0
18:31:33,1288,4.40,100.352,10.432,117,0
18:32:18,1290,5.40,100.608,10.432,119.52,0
18:32:23,1291,12.40,100.544,2.752,84.6,0
18:32:31,1292,6.00,100.608,2.88,70.2,0
18:33:33,1306,4.40,100.928,22.208,-57.6,-0.72
18:33:38,1307,4.40,100.288,10.176,130.68,0
18:33:50,1309,4.00,100.288,2.432,85.32,0
18:33:52,1310,10.40,100.416,6.016,88.92,0
18:34:30,1316,8.60,100.544,24.384,-73.8,2.88
18:34:38,1318,6.00,100.992,2.944,82.08,0
18:35:02,1321,9.00,100.672,2.688,75.24,0
18:35:41,1324,4.40,100.736,6.08,91.8,0
18:35:53,1325,4.40,100.672,6.912,156.24,0
18:36:11,1326,4.40,100.608,10.624,114.84,0
18:36:15,1327,4.40,100.16,18.176,-83.52,1.08
18:36:19,1328,5.00,100.992,3.136,115.92,0
18:37:04,1331,2.40,100.416,5.696,77.04,0
18:37:11,1332,4.40,100.096,9.856,114.12,0
18:37:41,1333,6.40,100.032,3.84,81.72,0
18:38:50,1335,8.60,100.224,23.232,-63.72,-1.08
18:39:09,1338,4.40,100.16,21.632,-77.4,0.36
18:39:37,1341,3.20,100.032,15.168,-81.72,0
18:39:37,1340,4.40,100.928,19.968,-82.08,-0.36
18:39:54,1343,5.00,100.928,10.368,140.76,0
18:39:54,1342,4.40,100.544,6.72,116.64,0
18:41:02,1345,8.00,100.416,3.072,90.36,0
18:41:06,1346,4.40,100.8,6.592,105.84,0
18:41:53,1348,5.00,100.48,6.144,85.68,0
18:41:53,1349,5.00,100.864,9.728,127.08,0
18:42:06,1351,4.40,100.608,18.048,-68.76,1.44
18:42:06,1352,8.60,100.16,20.288,-68.76,0
18:42:31,1354,6.00,100.096,6.464,86.04,0
18:42:42,1355,5.40,100.16,7.232,135.72,0
18:42:44,1356,4.40,100.096,6.144,126.36,0
18:42:58,1361,4.40,100.288,23.232,64.8,-0.72
18:42:59,1360,10.00,100.416,2.56,65.52,0
18:43:07,1362,7.40,100.864,6.656,121.32,0
18:43:31,1365,7.40,100.096,6.784,110.52,0
18:43:31,1366,5.00,100.352,9.6,114.12,0
18:43:32,1364,8.00,100.544,2.624,87.12,0
18:43:41,1369,6.40,100.352,9.728,115.2,0
18:43:44,1370,6.40,100.48,7.04,128.52,0
18:43:58,1373,4.40,100.928,19.136,-69.48,0.72
18:44:12,1377,4.40,100.224,10.432,111.6,0
18:44:21,1380,4.40,100.992,10.368,102.96,0
18:44:22,1382,4.40,100.928,5.696,99,0
18:44:32,1386,5.00,100.608,6.72,111.96,0
18:44:43,1387,4.40,100.608,9.6,91.44,0
18:45:10,1391,8.60,100.352,2.624,75.24,0
18:45:16,1394,5.00,100.032,18.88,-84.6,0.72
18:45:35,1396,4.40,100.928,10.112,117,0
18:45:35,1397,5.40,100.544,6.464,120.24,0
18:46:01,1401,4.40,100.288,11.264,118.8,0
18:46:02,1400,8.40,100.224,6.144,86.04,0
18:46:32,1403,10.40,100.48,2.88,78.12,0
18:46:34,1404,8.60,100.608,19.904,-91.44,1.08
18:47:06,1409,7.40,100.672,23.808,-78.12,-0.72
18:47:33,1411,4.40,100.8,9.92,141.48,0
18:47:54,1413,5.00,100.8,9.536,113.76,0
18:48:13,1416,7.40,100.288,6.208,77.04,0
18:48:52,1419,4.40,100.224,6.656,113.4,0
18:48:53,1418,8.40,100.096,2.88,75.24,0
18:48:59,1420,4.40,100.096,10.24,119.16,0
18:49:03,1421,6.00,100.8,6.464,80.28,0
18:49:07,1422,10.40,100.672,3.456,78.84,0
18:49:42,1429,5.00,100.8,9.344,114.12,0
18:49:57,1432,5.00,100.544,6.016,97.2,0
18:50:22,1435,1.20,100.096,5.952,86.04,0
18:50:26,1436,7.00,100.48,9.792,108,0
18:50:39,1437,6.00,100.032,2.88,71.28,0
18:51:27,1442,6.00,100.928,2.048,73.8,0
18:52:30,1445,4.40,100.992,9.984,130.68,0
18:52:41,1447,9.40,100.224,2.56,74.88,0
18:52:48,1448,5.00,100.288,9.92,125.28,0
18:53:00,1449,5.00,100.48,5.952,90.36,0
18:53:43,1452,4.40,100.992,10.176,102.96,0
18:54:18,1453,7.40,100.544,6.208,69.48,0
18:55:04,1457,4.40,100.8,7.04,93.24,0
18:55:31,1459,8.60,100.672,23.68,-72.72,0.72
18:55:46,1461,2.40,100.288,2.624,81.72,0
18:56:18,1466,5.00,100.48,6.656,96.12,0
18:56:39,1467,6.00,100.928,3.264,76.68,0
18:56:48,1470,5.00,100.288,5.76,91.44,0
18:57:01,1473,4.40,100.928,23.552,-51.48,0
18:57:08,1475,5.00,100.16,7.36,143.64,0
18:57:18,1478,4.40,100.416,7.36,117.36,0
18:58:06,1479,4.40,100.672,7.36,120.24,0
18:58:39,1482,5.00,100.224,6.784,96.48,0
18:58:50,1483,1.00,100.16,3.584,70.2,0
18:59:11,1485,11.00,100.8,3.456,77.04,0
18:59:41,1493,8.60,100.608,2.816,71.64,0
18:59:56,1496,6.40,100.416,2.432,67.68,0
19:00:11,1499,4.40,100.16,9.984,114.84,0
19:00:34,1503,4.40,100.608,7.296,115.56,0
19:00:48,1504,4.40,100.608,6.528,97.92,0
19:00:54,1506,8.60,100.288,2.688,68.04,0
19:01:05,1507,5.40,100.224,2.816,84.24,0
19:01:06,1508,5.00,100.864,10.496,101.16,0
19:01:28,1510,6.40,100.992,21.248,-91.44,-0.72
19:01:32,1511,4.40,100.096,4.544,110.88,0
19:01:36,1512,11.00,100.352,2.624,68.4,0
19:01:56,1514,4.40,100.8,7.296,73.44,0
19:02:18,1519,5.00,100.544,9.92,109.8,0
19:02:50,1520,5.40,100.8,9.856,107.64,0
19:03:16,1522,4.40,100.032,9.408,108,0
19:03:18,1521,8.60,100.608,18.752,-59.4,0.72
19:04:04,1525,8.60,100.672,23.808,-73.44,0.36
19:04:29,1528,4.40,100.992,6.08,84.24,0
19:05:16,1533,7.40,100.672,6.208,77.4,0
19:05:30,1535,4.40,100.608,9.792,99.72,0
19:06:40,1537,4.40,100.992,21.696,-88.2,-0.36
19:07:36,1544,5.40,100.416,3.584,83.52,0
19:08:15,1548,12.40,100.864,6.08,86.04,0
19:08:59,1550,12.00,100.608,2.88,65.88,0
19:09:03,1551,5.00,100.288,6.208,113.4,0
19:09:10,1553,5.40,100.736,6.592,106.2,0
19:09:16,1555,4.40,100.352,9.728,122.4,0
19:09:49,1560,7.60,100.864,2.688,70.92,0
19:10:12,1563,4.40,100.8,10.496,99,0
19:10:27,1569,6.00,100.416,5.888,83.88,0
19:10:44,1575,8.40,100.544,6.656,83.88,0
19:10:56,1581,8.60,100.224,2.048,68.4,0
19:10:58,1582,4.40,100.608,18.304,-83.88,0.72
19:11:08,1585,7.00,100.8,6.464,98.28,0
19:11:12,1586,4.40,100.544,5.952,102.6,0
19:12:00,1592,10.00,100.864,2.752,82.44,0
19:12:11,1595,4.40,100.736,12.736,110.52,0
19:12:12,1596,5.00,100.608,9.28,105.84,0
19:12:15,1597,5.00,100.416,7.552,104.76,0
19:12:21,1599,4.00,100.608,2.24,68.4,0
19:12:29,1601,5.00,100.992,6.464,108.36,0
19:12:35,1602,8.40,100.416,1.984,46.08,0
19:12:38,1605,2.60,100.8,6.464,80.28,0
19:13:05,1610,4.40,100.864,11.712,84.24,0
19:13:07,1609,8.60,100.8,2.56,66.6,0
19:13:25,1612,6.00,100.224,19.584,-100.08,-0.72
19:13:44,1615,5.00,100.096,9.728,109.8,0
19:14:11,1617,6.00,100.288,3.008,77.4,0
19:14:57,1630,5.00,100.672,3.52,83.16,0
19:15:17,1634,10.00,100.16,5.184,68.04,0
19:15:21,1635,4.40,100.16,9.024,88.2,0
19:16:16,1638,8.60,100.288,5.12,69.48,0
19:16:44,1639,5.00,100.928,9.536,88.56,0
19:17:08,1640,8.60,100.48,2.24,76.68,0
19:18:12,1645,8.40,100.544,6.528,86.04,0
19:18:19,1646,8.60,100.928,19.456,-78.84,0.72
19:19:14,1651,4.40,100.48,9.472,99.36,0
19:19:17,1652,5.00,100.864,8.768,103.32,0
19:19:23,1653,10.00,100.864,21.44,-68.76,1.8
19:19:28,1655,11.40,100.224,6.784,66.24,0
19:19:39,1657,6.00,100.608,3.072,65.16,0
19:19:41,1659,7.00,100.224,11.968,119.88,0
19:20:05,1663,11.40,100.864,5.696,88.56,0
19:20:06,1664,4.40,100.096,2.496,97.2,0
19:20:17,1666,8.60,100.736,23.104,-69.84,1.08
19:20:27,1667,8.40,100.096,6.528,63.72,0
19:20:45,1668,7.00,100.416,2.816,77.04,0
19:20:53,1672,4.40,100.672,1.984,66.6,0
19:21:24,1676,5.00,100.288,3.264,87.48,0
19:22:08,1681,5.00,100.8,9.92,91.08,0
19:22:09,1682,4.40,100.416,12.544,66.24,0
19:22:09,1680,9.40,100.096,3.136,66.96,0
19:22:20,1684,6.00,100.8,6.656,78.48,0
19:22:21,1685,5.40,100.416,9.984,91.08,0
19:22:34,1686,4.40,100.736,9.408,120.6,0
19:22:56,1688,7.40,100.864,5.632,78.84,0
19:23:18,1689,11.40,100.928,6.528,72.72,0
19:23:18,1690,5.00,100.672,9.792,93.96,0
19:23:59,1696,5.00,100.608,9.856,97.56,0
19:24:04,1699,4.40,100.544,21.696,-77.4,-0.36
19:24:26,1701,10.00,100.736,2.688,69.48,0
19:24:40,1703,3.20,100.416,20.032,-83.52,0
19:24:55,1706,8.60,100.16,5.76,72.72,0
19:25:26,1710,4.40,100.736,13.248,115.92,0
19:25:28,1709,4.00,100.672,2.176,81.72,0
19:25:36,1711,5.40,100.544,3.008,103.68,0
19:26:30,1714,5.40,100.992,6.848,107.28,0
19:26:37,1715,5.00,100.8,6.656,96.84,0
19:26:46,1718,4.40,100.352,5.376,102.96,0
19:26:48,1720,4.40,100.928,8.96,90.72,0
19:26:58,1722,5.00,100.544,9.472,117.72,0
19:26:58,1723,4.40,100.864,13.952,117.36,0
19:27:32,1725,7.40,100.864,6.656,70.56,0
19:28:00,1727,1.00,100.288,6.144,72.72,0
19:28:05,1728,5.00,100.864,9.152,93.96,0
19:28:20,1729,11.00,100.48,6.336,75.24,0
19:28:37,1731,8.40,100.032,2.176,47.52,0
19:28:58,1736,5.00,100.992,3.136,97.56,0
19:29:01,1738,8.00,100.8,20.992,-81,0
19:29:21,1741,4.40,100.736,6.72,102.96,0
19:29:24,1742,4.40,100.288,6.272,87.84,0
19:30:15,1745,6.00,100.8,10.176,104.4,0
19:30:48,1746,5.40,100.288,6.208,96.12,0
19:31:36,1749,6.00,100.416,5.952,79.92,0
19:31:58,1751,5.00,100.928,6.144,90,0
19:32:28,1753,5.40,100.928,6.848,113.4,0
19:32:42,1754,4.40,100.864,11.008,154.08,0
19:33:07,1755,5.00,100.288,6.848,123.12,0
19:33:40,1759,5.40,100.096,22.336,-75.6,-1.08
19:33:40,1758,8.60,100.416,22.912,-76.68,1.44
19:34:13,1761,5.40,100.224,6.528,86.76,0
19:34:36,1763,6.40,100.608,2.944,68.4,0
19:34:50,1765,6.00,100.8,2.688,84.6,0
19:35:49,1769,7.00,100.352,6.656,122.4,0
19:35:57,1771,4.40,100.096,9.152,116.64,0
19:36:05,1773,1.20,100.032,5.504,79.92,0
19:36:14,1774,4.40,100.736,7.296,117.72,0
19:36:22,1776,4.40,100.992,10.496,91.08,0
19:36:44,1781,4.40,100.352,11.2,59.4,0
19:36:44,1780,6.00,100.032,2.56,59.76,0
19:37:04,1786,8.60,100.288,6.336,96.12,0
19:37:11,1788,5.40,100.544,20.928,-88.92,0
19:37:21,1792,4.40,100.864,21.824,-76.68,-0.72
19:37:21,1790,8.60,100.928,21.568,-77.04,1.08
19:37:27,1794,4.40,100.672,7.36,85.32,0
19:37:27,1793,6.00,100.416,2.752,86.76,0
19:37:33,1795,5.00,100.096,9.536,115.92,0
19:37:57,1797,6.00,100.8,8,117,0
19:38:04,1799,4.40,100.48,10.56,70.2,0
19:38:04,1798,8.40,100.224,2.816,71.64,0
19:38:28,1801,8.60,100.48,6.208,72,0
19:38:58,1803,7.00,100.864,19.904,-91.8,-0.36
19:39:10,1804,8.60,100.416,18.88,-85.68,0
19:39:50,1806,7.40,100.672,6.336,109.8,0
19:40:04,1811,4.40,100.16,10.816,81.72,0
19:40:04,1810,8.60,100.288,3.008,82.44,0
19:40:47,1816,3.00,100.352,7.616,76.32,0
19:41:14,1818,5.00,100.096,6.784,112.32,0
19:41:24,1819,8.60,100.544,24.192,-68.4,2.52
19:41:34,1821,4.40,100.224,10.688,69.12,0
19:41:34,1820,6.00,100.224,3.2,69.84,0
19:41:43,1823,10.00,100.672,2.688,75.24,0
19:42:13,1828,3.20,100.864,12.096,83.16,0
19:42:13,1827,1.20,100.8,2.688,82.8,0
19:42:13,1826,8.60,100.672,20.032,-59.4,1.8
19:42:38,1829,4.40,100.928,10.304,99.36,0
19:43:03,1833,8.60,100.416,24.512,-70.92,1.08
19:44:15,1835,5.00,100.928,10.368,91.08,0
19:44:34,1837,5.60,100.736,1.792,56.52,-0.36
19:45:24,1840,4.40,100.864,2.304,75.6,0
19:45:51,1841,2.40,100.096,6.4,69.84,0
19:45:55,1843,12.00,100.16,6.656,72.72,0
19:47:05,1856,4.40,100.928,10.368,117.36,0
19:47:13,1859,4.40,100.416,10.24,91.8,0
19:47:22,1862,8.40,100.48,9.856,101.16,0
19:48:03,1867,6.00,100.48,2.56,69.12,0
19:48:14,1869,8.60,100.352,7.488,80.28,0
19:48:15,1871,4.40,100.224,10.176,71.28,0
19:48:15,1868,6.00,100.8,2.176,72,0
19:48:21,1873,7.40,100.608,3.712,68.4,0
19:48:32,1876,4.40,100.608,6.592,96.84,0
19:48:59,1881,9.40,100.032,2.752,73.8,0
19:49:03,1882,4.40,100.288,5.056,68.04,0
19:49:13,1884,4.40,100.288,19.904,-84.6,1.8
19:50:06,1887,8.00,100.864,6.144,98.64,0
19:51:15,1895,3.00,100.032,5.952,88.2,0
19:51:19,1896,5.40,100.608,10.368,115.56,0
19:52:19,1897,5.00,100.416,6.08,90.36,0
19:52:42,1899,8.60,100.672,22.592,-74.88,-0.72
19:53:06,1902,4.40,100.48,10.112,84.6,0
19:53:22,1906,8.60,100.16,6.144,70.56,0
19:53:45,1907,5.00,100.224,2.816,92.16,0
19:54:13,1908,4.40,100.608,12.032,147.96,0
19:54:32,1912,4.40,100.416,9.216,123.48,0
19:55:16,1916,4.40,100.736,5.44,96.84,0
19:55:58,1919,4.40,100.096,3.136,51.12,0
19:56:12,1920,5.40,100.16,3.2,100.8,0
19:58:26,1926,8.60,100.928,22.656,-71.64,1.8
19:58:38,1927,5.00,100.864,18.368,-70.2,0
19:59:07,1930,4.40,100.48,9.088,143.28,0
19:59:08,1928,4.40,100.8,5.376,109.8,0
19:59:13,1932,4.40,100.416,9.856,139.32,0
20:00:07,1937,6.00,100.928,2.304,76.68,0
20:00:45,1946,4.40,100.544,10.176,121.32,0
20:00:49,1947,4.40,100.288,6.72,99.36,0
20:00:53,1950,4.40,100.352,5.952,91.44,0
20:00:59,1949,8.60,100.544,21.824,-71.64,-0.72
20:01:01,1952,12.00,100.032,2.944,69.48,0
20:02:37,1962,5.40,100.736,22.72,-70.56,0
20:03:25,1967,8.60,100.672,19.2,-72.36,0
20:03:26,1966,5.40,100.032,3.136,75.96,0
20:03:27,1968,7.00,100.608,9.344,97.92,0
20:03:33,1969,7.00,100.16,2.24,78.12,0
20:03:35,1970,7.40,100.032,6.208,72.72,0
20:03:44,1972,7.40,100.544,9.152,100.44,0
20:03:47,1973,4.40,100.352,2.688,78.12,0
20:04:54,1974,4.40,100.352,6.144,82.08,0
20:05:16,1975,4.40,100.032,7.04,104.4,0
20:05:31,1979,5.00,100.608,6.464,116.64,0
20:05:43,1980,6.00,100.224,2.176,86.4,0
20:05:46,1983,4.40,100.864,9.792,130.68,0
20:06:00,1987,4.40,100.16,17.856,-86.04,0.72
20:06:08,1988,9.00,100.864,2.944,70.56,0
20:06:12,1991,5.40,100.352,9.536,111.24,0
20:06:22,1994,4.40,100.096,21.504,-79.56,0
20:06:23,1993,4.40,100.928,7.296,98.28,0
20:06:47,1998,4.40,100.928,5.76,73.08,0
20:06:48,1997,2.40,100.48,2.56,74.16,0
20:06:55,1999,10.00,100.096,2.752,74.52,0
20:07:38,2012,8.60,100.8,20.864,-75.24,0
20:07:38,2013,4.40,100.928,23.104,-75.24,-1.08
20:07:47,2015,4.40,100.16,6.144,110.16,0
20:07:48,2016,5.40,100.288,11.008,103.32,0
20:07:50,2017,4.40,100.544,6.848,99.36,0
20:08:42,2018,5.40,100.416,6.08,110.16,0
20:10:07,2026,8.60,100.224,18.752,-85.68,2.16
20:10:11,2032,4.40,100.416,20.992,69.48,0
20:10:11,2029,8.60,100.416,3.008,70.92,0
20:10:55,2039,4.40,100.032,19.904,-81.36,0.72
20:11:16,2042,4.40,100.096,6.464,110.16,0
20:12:38,2045,4.40,100.544,11.584,109.44,0
20:13:30,2048,10.40,100.416,6.336,88.56,0
20:14:04,2053,8.60,100.8,22.08,-40.68,1.8
20:14:05,2050,8.60,100.608,23.232,-41.04,2.16
20:14:05,2054,8.60,100.352,18.432,-85.32,0
20:14:08,2055,5.00,100.032,5.568,95.76,0
20:14:13,2056,4.40,100.096,9.792,93.96,0
20:14:14,2057,4.40,100.48,6.784,110.88,0
20:15:28,2058,4.20,100.032,5.952,61.92,0
20:15:29,2059,5.00,100.48,10.368,98.28,0
20:15:56,2062,4.60,100.416,5.952,79.2,0
20:16:21,2065,9.40,100.736,22.016,-70.2,2.16
20:16:47,2067,8.60,100.224,27.968,-92.52,0.36
20:16:53,2068,5.00,100.288,22.4,-77.04,-0.36
20:17:03,2069,4.40,100.608,6.208,94.32,0
20:18:34,2070,8.40,100.992,6.464,90.36,0
20:18:59,2073,12.00,100.544,6.144,60.84,0
20:19:27,2074,8.60,100.16,24.576,-77.4,0
20:20:58,2079,5.00,100.416,10.176,104.4,0
20:21:10,2080,5.40,100.672,6.592,93.6,0
20:21:53,2082,4.40,100.16,11.648,73.8,0
20:21:53,2081,6.00,100.288,2.816,74.88,0
20:22:30,2089,5.00,100.992,5.696,104.04,0
20:22:37,2090,5.00,100.288,5.824,93.96,0
20:22:40,2091,5.40,100.096,6.336,109.44,0
20:22:44,2092,6.40,100.8,5.312,97.2,0
20:23:35,2096,4.40,100.736,6.72,90.36,0
20:23:42,2095,8.60,100.608,23.168,-74.16,1.44
20:23:44,2097,5.00,100.16,9.856,113.76,0
20:23:56,2098,4.60,100.736,5.12,93.96,0
20:23:56,2100,8.60,100.608,7.232,94.32,0
20:24:02,2102,8.60,100.096,22.976,-75.24,0.36
20:24:33,2105,10.00,100.416,3.136,73.08,0
20:24:44,2106,5.00,100.928,2.752,104.4,0
20:25:00,2109,4.40,100.992,5.888,81.72,0
20:26:01,2113,5.00,100.032,6.976,100.8,0
20:26:09,2115,5.40,100.672,9.856,101.52,0
20:27:50,2117,5.00,100.544,6.08,108,0
20:28:50,2121,7.40,100.736,5.888,100.8,0
20:30:07,2126,5.40,100.928,8.896,135,0
20:30:25,2129,9.40,100.096,2.24,77.76,0
20:30:35,2132,4.40,100.16,10.048,112.32,0
20:31:19,2135,4.40,100.288,21.952,-94.32,-1.44
20:31:54,2136,12.00,100.672,2.624,74.52,0
20:32:03,2137,4.40,100.928,6.336,85.32,0
20:32:19,2139,5.00,100.416,18.56,-86.4,1.44
20:33:20,2143,5.40,100.416,20.032,-82.08,0
20:33:23,2144,5.00,100.416,9.984,113.04,0
20:33:39,2145,8.60,100.672,21.312,-81,1.08
20:33:44,2147,5.00,100.8,5.376,102.24,0
20:33:50,2148,5.00,100.416,23.424,-75.24,0.72
20:34:08,2151,4.40,100.736,18.24,-82.8,0.36
20:34:17,2152,7.00,100.352,5.952,77.4,0
20:34:46,2155,3.00,100.352,5.888,81.72,0
20:34:54,2157,4.40,100.736,2.944,112.68,0
20:34:59,2158,4.40,100.352,21.568,-88.92,0
20:35:46,2164,8.60,100.864,22.464,-68.76,-1.08
20:36:29,2183,5.40,100.032,9.6,97.2,0
20:36:33,2184,8.60,100.928,19.2,-73.8,1.8
20:37:31,2191,4.40,100.928,10.304,136.08,0
20:38:25,2193,8.60,100.032,19.84,-86.4,0
20:38:38,2194,8.60,100.864,19.328,-89.64,1.8
20:38:45,2195,4.40,100.544,6.976,75.24,0
20:38:53,2196,4.40,100.288,6.144,109.8,0
20:39:04,2197,4.60,100.544,2.624,80.64,0
20:39:08,2200,11.00,100.608,6.016,73.8,0
20:39:21,2205,8.60,100.224,2.816,76.32,0
20:39:27,2207,4.40,100.544,18.88,-77.04,1.08
20:41:20,2217,8.40,100.352,5.888,83.16,0
20:41:34,2219,4.40,100.608,6.016,100.44,0
20:42:19,2221,11.00,100.8,6.464,78.48,0
20:42:36,2225,6.40,100.416,10.304,120.6,0
20:42:41,2226,5.40,100.928,25.088,-63.36,0.72
20:44:07,2234,5.00,100.288,6.464,133.2,0
20:44:08,2235,4.40,100.672,10.368,113.76,0
20:45:02,2240,5.00,100.672,21.952,-82.08,1.8
20:46:12,2241,5.00,100.16,6.528,88.2,0
20:46:24,2242,4.40,100.096,6.4,78.48,0
20:46:29,2244,6.00,100.928,6.016,90.72,0
20:46:33,2245,8.40,100.288,9.728,97.56,0
20:46:37,2246,5.00,100.416,9.344,96.12,0
20:46:37,2247,4.40,100.8,14.08,96.12,0
20:46:51,2250,8.60,100.992,2.432,61.56,0
20:46:52,2249,4.40,100.416,11.008,59.76,0
20:47:49,2254,8.60,100.864,19.328,-78.48,1.44
20:48:15,2257,5.40,100.48,22.272,-81.72,-0.36
20:48:15,2256,5.40,100.736,21.888,-82.44,1.8
20:48:33,2259,5.40,100.48,6.08,57.24,0
20:48:58,2260,5.40,100.8,19.264,-80.28,0.36
20:49:22,2261,5.00,100.352,6.464,110.16,0
20:49:25,2262,5.40,100.224,7.296,93.96,0
20:49:48,2263,4.40,100.288,10.56,108,0
20:49:58,2265,11.00,100.224,5.184,77.4,0
20:50:07,2266,5.00,100.352,5.952,102.96,0
20:50:17,2272,4.40,100.352,10.816,70.92,0
20:50:17,2269,8.60,100.416,2.496,72,0
20:50:22,2273,5.40,100.672,9.856,108.72,0
20:51:13,2276,5.00,100.672,5.952,100.8,0
20:51:48,2278,5.40,100.48,22.272,-88.92,3.6
20:52:01,2282,8.60,100.736,21.248,-83.16,0
20:52:06,2285,4.40,100.288,11.072,58.32,0
20:52:06,2284,7.00,100.224,2.432,59.4,0
20:52:52,2287,3.20,100.544,21.888,-75.96,-0.36
20:53:33,2289,4.40,100.288,2.944,56.52,0
20:53:49,2291,5.40,100.992,3.008,105.84,0
20:54:00,2293,4.40,100.672,9.28,126,0
20:54:07,2294,5.00,100.48,9.472,112.32,0
20:55:58,2297,5.40,100.16,25.28,-88.2,-1.08
20:56:28,2299,8.60,100.352,18.752,-74.52,0.72
20:56:46,2303,4.40,100.352,22.144,-58.32,-1.08
20:56:49,2304,1.20,100.16,6.08,90,0
20:57:28,2306,4.40,100.288,10.432,105.48,0
20:57:34,2307,7.00,100.16,7.04,96.48,0
20:59:29,2312,8.60,100.096,6.656,60.48,0
20:59:45,2314,4.40,100.16,9.088,110.88,0
21:00:12,2317,8.60,100.8,24.96,-34.92,0.72
21:00:40,2320,8.60,100.16,5.76,86.4,0
21:00:47,2321,4.60,100.672,2.688,64.8,0
21:00:51,2323,5.00,100.224,2.944,61.92,0
21:01:19,2325,8.60,100.736,25.92,-77.76,1.08
21:01:19,2328,6.00,100.096,21.76,-77.4,0
21:01:52,2329,5.00,100.608,9.792,118.08,0
21:02:06,2332,8.60,100.544,6.208,87.84,0
21:02:06,2333,4.40,100.352,10.24,77.4,0
21:02:06,2331,6.00,100.16,2.368,78.48,0
21:02:12,2335,4.40,100.16,9.92,69.12,0
21:02:13,2334,6.00,100.8,2.56,70.2,0
21:02:20,2337,4.40,100.864,18.88,-75.6,2.16
21:02:31,2343,5.00,100.608,6.528,136.08,0
21:02:33,2342,4.40,100.608,22.72,-86.4,0.36
21:03:35,2345,8.00,100.096,3.392,60.84,0
21:03:46,2347,4.40,100.928,23.104,-66.6,0
21:05:18,2351,3.20,100.16,21.312,-75.96,2.16
21:05:50,2355,8.60,100.096,1.856,56.16,0
21:06:13,2367,4.40,100.16,5.248,72.72,0
21:06:37,2377,4.20,100.736,2.368,77.04,0
21:07:58,2383,8.60,100.608,22.592,-71.28,0.72
21:08:11,2385,4.40,100.992,23.424,-71.64,1.08
21:08:25,2387,2.40,100.928,7.04,88.56,0
21:09:05,2390,5.00,100.864,8.96,116.64,0
21:09:14,2392,1.40,100.48,5.44,60.84,0
21:09:28,2393,4.40,100.864,6.08,115.56,0
21:09:29,2394,4.40,100.352,10.048,132.12,0
21:09:29,2395,4.40,100.352,13.184,131.4,0
21:10:06,2397,8.60,100.48,1.984,79.92,0
21:10:32,2400,8.40,100.608,5.376,90.72,0
21:10:40,2402,4.40,100.48,6.4,114.84,0
21:10:54,2404,8.60,100.288,18.368,-79.2,1.8
21:11:19,2407,12.00,100.416,6.08,75.96,0
21:11:36,2408,3.00,100.736,6.272,70.56,0
21:12:09,2412,4.20,100.864,6.4,72.36,0
21:13:18,2416,6.00,100.096,24.064,-81,0.72
21:13:37,2417,5.00,100.544,6.464,105.12,0
21:13:39,2418,5.00,100.032,10.688,105.12,0
21:14:23,2425,7.00,100.416,6.08,67.32,0
21:14:41,2429,5.40,100.224,6.784,71.64,0
21:15:59,2430,10.00,100.48,6.016,84.24,0
21:16:37,2434,4.40,100.928,9.536,117,0
21:18:38,2449,5.00,100.736,5.312,91.08,0
21:19:28,2452,4.40,100.736,11.392,67.68,0
21:19:28,2451,8.60,100.48,3.008,68.04,0
21:19:36,2453,4.40,100.096,2.688,77.76,0
21:20:27,2458,5.00,100.16,10.496,116.64,0
21:20:27,2457,5.00,100.672,6.464,77.76,0
21:20:56,2462,8.60,100.608,22.208,-78.12,1.8
21:20:59,2461,4.40,100.992,6.528,91.08,0
21:21:19,2465,6.00,100.544,23.424,-68.04,0.36
21:21:23,2466,7.00,100.48,10.112,99.36,0
21:21:27,2467,5.00,100.032,6.656,84.96,0
21:21:37,2468,4.40,100.16,8.512,113.76,0
21:21:59,2470,4.20,100.8,2.944,74.16,0
21:22:03,2471,8.60,100.992,22.208,-86.04,1.08
21:22:15,2475,8.60,100.8,22.4,-69.48,1.08
21:23:52,2481,5.00,100.736,12.352,115.2,0
21:23:57,2482,7.00,100.096,6.272,91.8,0
21:24:15,2483,5.00,100.352,9.472,98.64,0
21:24:49,2484,4.40,100.096,9.856,146.88,0
21:25:17,2493,1.40,100.544,2.24,69.84,0
21:25:44,2497,3.00,100.032,2.496,64.08,0
21:26:23,2499,8.60,100.288,23.168,-72.72,2.52
21:26:49,2502,6.00,100.736,2.88,58.68,0
21:27:02,2504,4.40,100.608,19.456,-76.68,1.8
21:27:15,2508,7.40,100.48,6.016,73.8,0
21:27:26,2510,8.60,100.736,2.496,67.68,0
21:27:38,2513,4.40,100.672,19.648,-93.6,2.88
21:27:57,2514,8.60,100.672,21.12,-72,1.08
21:28:00,2516,4.40,100.608,5.632,77.76,0
21:28:20,2519,8.60,100.992,23.488,-78.48,2.52
21:28:26,2521,4.40,100.096,6.208,102.24,0
21:28:57,2522,8.60,100.288,22.848,-74.16,1.44
21:29:51,2525,8.40,100.224,2.944,70.92,0
21:30:25,2528,4.40,100.928,9.728,120.24,0
21:30:31,2530,5.00,100.16,6.272,101.88,0
21:30:50,2531,4.40,100.992,5.888,97.56,0
21:31:35,2532,6.40,100.224,12.032,91.8,0
21:31:44,2533,6.00,100.16,3.136,79.92,0
21:31:55,2537,4.40,100.288,10.944,86.4,0
21:31:56,2535,2.60,100.928,4.992,68.76,0
21:31:56,2536,6.00,100.864,7.616,68.4,0
21:32:05,2540,8.60,100.544,22.08,-75.24,0.72
21:32:10,2541,5.00,100.288,5.824,88.92,0
21:32:36,2546,8.00,100.608,11.072,111.6,0
21:32:40,2547,4.40,100.672,7.744,94.68,0
21:32:49,2548,8.40,100.352,6.72,77.76,0
21:32:56,2550,6.40,100.48,7.296,101.16,0
21:33:48,2559,4.40,100.672,19.904,-83.88,-0.36
21:33:51,2561,8.60,100.672,4.544,69.48,0
21:34:15,2570,3.20,100.416,10.304,84.24,0
21:34:16,2568,8.60,100.864,2.624,85.32,0
21:34:46,2576,4.40,100.096,-0.896,87.12,0.36
21:35:36,2579,4.40,100.672,6.08,87.84,0
21:35:39,2581,5.00,100.416,9.28,106.2,0
21:35:40,2582,7.00,100.928,5.824,118.8,0
21:35:41,2584,4.40,100.288,9.536,96.12,0
21:35:46,2586,8.60,100.992,23.744,-87.48,-1.44
21:35:46,2585,8.60,100.224,22.4,-88.2,1.8
21:36:45,2591,8.40,100.608,5.952,83.88,0
21:36:54,2592,4.40,100.8,9.536,115.92,0
21:37:52,2595,1.00,100.288,1.6,67.32,-0.36
21:37:52,2599,4.40,100.928,13.632,65.88,0
21:38:35,2610,4.40,100.032,7.68,108,0
21:38:49,2612,4.40,100.864,23.68,-73.44,-1.8
21:39:11,2616,4.40,100.736,8.576,119.16,0
21:39:44,2620,4.40,100.608,21.952,-83.88,0.72
21:39:52,2619,8.60,100.992,23.296,-57.96,2.16
21:39:53,2621,4.40,100.672,7.552,120.6,0
21:40:12,2623,8.60,100.736,24.512,-72.36,-0.72
21:40:12,2622,8.60,100.48,23.104,-74.16,1.08
21:40:17,2626,8.60,100.096,22.08,-86.4,1.08
21:40:18,2627,8.60,100.48,22.528,-86.4,0.72
21:40:44,2630,8.60,100.032,18.752,-70.92,1.8
21:41:04,2633,5.00,100.672,5.568,100.08,0
21:41:32,2634,10.00,100.352,6.336,85.68,0
21:41:42,2635,6.00,100.288,6.592,79.56,0
21:42:04,2639,4.40,100.352,10.368,113.04,0
21:42:11,2640,5.00,100.032,2.368,54,0
21:42:14,2642,5.00,100.544,6.592,81,0
21:42:36,2643,4.40,100.416,9.984,120.6,0
21:42:46,2645,4.40,100.928,6.912,100.44,0
21:42:59,2647,1.00,100.224,2.944,67.68,0
21:43:06,2649,6.00,100.672,6.528,104.4,0
21:43:13,2650,5.00,100.288,7.04,112.32,0
21:43:22,2651,12.00,100.544,2.432,57.96,0
21:43:36,2653,4.40,100.288,11.264,95.04,0
21:44:12,2658,6.00,100.864,10.56,81,0
21:44:21,2659,9.40,100.416,3.072,73.8,0
21:44:22,2660,4.00,100.544,5.696,70.56,0
21:44:32,2662,4.40,100.8,6.08,81,0
21:44:38,2663,11.40,100.096,6.4,68.4,0
21:45:46,2667,7.00,100.736,6.08,81,0
21:45:56,2668,6.00,100.416,2.304,60.12,0
21:46:05,2672,4.40,100.032,9.792,119.52,0
21:46:08,2673,4.40,100.288,8.832,102.24,0
21:46:25,2674,5.00,100.928,19.2,-52.92,1.44
21:47:20,2675,11.00,100.672,3.264,74.88,0
21:47:33,2677,4.40,100.48,13.056,76.32,0
21:47:33,2676,12.40,100.544,2.304,77.4,0
21:47:53,2678,5.00,100.928,6.976,99,0
21:48:35,2682,8.60,100.032,18.048,-59.04,-0.36
21:49:28,2685,4.40,100.736,9.536,109.8,0
21:49:53,2687,4.40,100.032,8,120.24,0
21:49:59,2688,4.20,100.544,5.952,68.4,0
21:50:05,2690,5.00,100.928,20.096,-61.92,1.44
21:50:06,2691,12.00,100.096,6.528,90.36,0
21:50:10,2693,4.40,100.288,10.176,131.76,0
21:50:10,2692,6.00,100.032,6.016,93.6,0
21:50:40,2697,4.40,100.48,6.336,78.48,0
21:50:44,2698,8.60,100.352,18.56,-75.24,0.36
21:50:53,2699,2.40,100.928,7.168,74.88,0
21:51:17,2701,5.00,100.928,6.976,118.08,0
21:53:12,2706,5.00,100.288,6.272,90.72,0
21:53:38,2708,8.60,100.544,2.944,75.24,0
21:54:01,2712,8.60,100.928,2.624,71.28,0
21:54:15,2717,4.40,100.992,22.848,-71.28,1.08
21:55:01,2725,4.40,100.416,10.432,118.8,0
21:55:01,2724,8.00,100.48,5.696,98.64,0
21:55:30,2726,5.00,100.544,6.528,109.8,0
21:55:36,2727,8.60,100.864,26.048,-90,-2.16
21:56:05,2730,5.00,100.352,9.216,108.72,0
21:56:06,2729,8.60,100.032,22.016,-92.16,0.72
21:56:15,2732,7.40,100.672,5.824,77.4,0
21:57:06,2733,4.40,100.224,9.472,117.36,0
21:57:11,2735,8.60,100.48,3.264,78.48,0
21:57:28,2738,12.40,100.8,6.336,68.04,0
21:57:42,2741,4.40,100.48,-1.792,85.68,0
21:57:49,2743,11.40,100.16,3.968,88.2,0
21:58:02,2747,5.00,100.352,6.656,83.52,0
21:58:12,2753,4.40,100.16,11.136,50.4,0
21:58:12,2749,6.00,100.672,2.496,49.68,0
21:58:35,2759,9.40,100.672,2.752,54,0
21:58:45,2760,4.60,100.096,3.264,75.6,0
21:59:18,2765,8.60,100.288,2.048,63,0
22:00:40,2775,8.00,100.48,6.528,86.4,0
22:00:42,2776,6.00,100.288,5.888,87.12,0
22:00:46,2779,8.60,100.864,1.216,65.88,-0.36
22:00:49,2781,5.00,100.992,21.76,-83.16,0.36
22:01:09,2784,4.40,100.48,6.592,124.56,0
22:01:50,2787,4.40,100.928,9.92,97.2,0
22:02:11,2790,8.60,100.096,3.008,55.8,0
22:02:28,2792,8.60,100.8,2.816,68.4,0
22:03:29,2800,4.40,100.8,18.56,-74.52,2.52
22:03:56,2801,9.00,100.544,6.016,76.32,0
22:04:54,2803,10.40,100.544,2.304,77.04,0
22:05:01,2804,11.40,100.544,5.696,87.12,0
22:05:32,2807,8.00,100.672,3.008,73.8,0
22:06:05,2809,7.40,100.864,6.016,91.08,0
22:06:58,2810,6.40,100.096,6.912,82.8,0
22:07:05,2812,10.40,100.672,5.12,95.04,0
22:07:14,2813,6.40,100.096,8.128,87.48,0
22:08:00,2817,8.60,100.032,2.432,46.44,0
22:08:42,2821,4.40,100.48,9.216,116.64,0
22:10:03,2827,8.40,100.544,6.336,114.12,0
22:10:51,2834,8.40,100.032,2.432,65.52,0
22:11:02,2836,5.00,100.992,10.752,140.4,0
22:11:19,2837,4.40,100.288,7.04,104.4,0
22:11:52,2839,4.40,100.288,21.888,-87.48,1.8
22:12:11,2840,8.60,100.864,21.504,-49.68,1.8
22:12:32,2844,2.60,100.224,3.136,79.92,0
22:12:37,2846,5.40,100.48,22.656,-67.32,0.36
22:12:47,2847,4.40,100.224,24.256,-74.16,-0.72
22:13:17,2848,8.60,100.416,21.248,-78.12,-0.36
22:15:27,2852,8.60,100.48,5.632,91.08,0
22:16:14,2856,5.00,100.48,5.76,59.04,0
22:16:28,2859,4.40,100.48,8.512,129.6,0
22:17:09,2861,8.60,100.736,22.784,-71.28,-0.72
22:17:45,2864,6.40,100.928,5.248,78.48,0
22:17:54,2865,8.60,100.352,24.768,-66.24,-0.72
22:17:58,2867,8.00,100.672,6.208,81.72,0
22:18:17,2869,4.40,100.928,9.792,101.52,0
22:18:32,2870,5.00,100.352,9.856,119.16,0
22:19:40,2872,4.40,100.096,8.96,115.56,0
22:19:56,2873,4.40,100.352,10.88,89.64,0
22:20:04,2874,8.60,100.608,2.432,59.76,0
22:20:24,2877,8.60,100.032,2.688,79.2,0
22:21:03,2882,4.40,100.416,10.752,64.08,0
22:21:03,2881,6.00,100.864,2.112,65.16,0
22:21:07,2883,4.40,100.992,9.984,108.36,0
22:21:21,2885,6.40,100.992,6.208,113.04,0
22:22:29,2890,8.60,100.16,21.312,-77.4,-0.72
22:23:01,2893,4.40,100.608,-1.92,79.56,0
22:23:40,2896,5.00,100.16,9.6,110.88,0
22:23:43,2898,3.00,100.288,2.944,79.56,0
22:23:48,2900,2.40,100.608,6.72,93.96,0
22:23:57,2901,1.00,100.544,6.976,90.36,0
22:24:08,2907,3.20,100.032,1.728,77.04,0
22:24:30,2910,8.60,100.352,19.328,-91.08,2.88
22:25:23,2914,9.00,100.224,2.432,57.96,0
22:25:45,2916,8.60,100.16,22.08,-69.12,1.08
22:25:50,2917,8.40,100.8,6.016,86.4,0
22:26:03,2918,8.60,100.8,24.384,-60.48,2.16
22:26:08,2921,4.40,100.608,9.984,123.84,0
22:27:07,2928,5.00,100.736,6.656,102.6,0
22:27:17,2930,8.40,100.48,5.952,71.64,0
22:28:50,2936,7.40,100.224,6.528,88.92,0
22:29:02,2941,4.40,100.864,26.624,-85.68,-0.36
22:29:17,2944,6.40,100.672,22.4,-75.24,1.8
22:29:21,2945,8.60,100.864,18.176,-89.64,2.52
22:30:36,2953,8.60,100.736,2.56,61.56,0
22:30:37,2955,4.40,100.736,18.304,-75.24,1.44
22:30:44,2958,5.40,100.48,3.072,92.16,0
22:31:19,2965,6.00,100.672,2.496,73.8,0
22:33:19,2970,8.60,100.8,19.328,-76.68,2.16
22:33:23,2971,8.40,100.864,2.56,72.72,0
22:33:39,2973,8.60,100.032,22.912,-80.28,-0.36
22:33:39,2974,8.40,100.416,21.824,-81.36,2.16
22:34:46,2980,4.40,100.736,22.016,-84.96,0
22:34:49,2979,9.40,100.8,4.8,59.76,0
22:35:05,2985,4.40,100.16,11.072,70.56,0
22:35:05,2983,4.60,100.928,2.368,71.28,0
22:36:14,2990,8.60,100.224,15.232,83.88,0
22:36:14,2989,8.60,100.992,10.368,84.6,0
22:36:15,2988,10.00,100.544,2.944,72,0
22:37:06,2995,8.60,100.352,22.592,-65.16,1.08
22:37:31,2996,7.40,100.416,3.008,95.76,0
22:37:32,2997,4.40,100.8,9.536,113.4,0
22:37:53,3001,10.40,100.096,1.472,53.64,-0.72
22:38:58,3006,6.00,100.672,2.56,56.16,0
22:39:24,3010,6.00,100.864,2.816,74.88,0
22:39:24,3014,8.60,100.928,1.6,74.88,0
22:39:53,3024,8.60,100.48,2.304,90.36,0
22:40:06,3025,7.40,100.544,8.896,124.2,0
22:40:24,3026,8.60,100.864,23.104,-66.96,0
22:40:58,3028,4.40,100.736,12.224,120.6,0
22:40:58,3027,5.40,100.736,8.832,120.6,0
22:44:37,3035,4.40,100.544,9.792,122.04,0
22:44:49,3036,4.60,100.928,2.752,78.12,0
22:45:02,3038,5.40,100.544,23.488,-77.4,0
22:45:23,3041,4.20,100.672,3.072,72.72,0
22:45:23,3043,6.00,100.736,23.552,-78.84,0.36
22:46:19,3047,1.20,100.928,6.272,84.96,0
22:46:30,3049,8.60,100.416,23.936,-74.88,-1.08
22:46:48,3052,4.40,100.352,5.504,103.68,0
22:46:58,3053,4.40,100.032,7.232,111.6,0
22:47:43,3055,4.40,100.032,10.368,73.44,0
22:47:43,3054,4.60,100.032,2.816,74.52,0
22:47:49,3056,4.40,100.736,6.464,110.88,0
22:49:11,3059,8.60,100.224,24.384,-66.24,0
22:49:43,3061,4.40,100.928,6.848,88.92,0
22:50:01,3062,6.00,100.16,23.296,-68.76,-0.36
22:50:10,3063,6.00,100.352,2.688,77.76,0
22:50:49,3069,4.40,100.48,19.904,-89.28,1.8
22:50:59,3071,8.60,100.224,23.488,-83.88,1.08
22:51:46,3076,10.40,100.544,2.304,66.6,0
22:51:46,3078,5.40,100.416,19.2,-70.2,0
22:51:46,3079,4.40,100.416,8.832,116.64,0
22:51:55,3080,4.40,100.928,19.712,-71.64,1.8
22:52:08,3081,4.40,100.736,23.36,-77.04,1.44
22:52:32,3090,4.40,100.288,6.592,80.28,0
22:52:36,3092,4.40,100.992,22.208,-66.6,0.72
22:52:36,3093,5.00,100.928,24.384,-66.96,0.36
22:53:15,3095,4.60,100.928,2.816,69.84,0
22:53:30,3102,4.40,100.096,6.016,60.48,0
22:53:55,3111,5.00,100.032,24.768,-69.84,0.72
22:53:59,3113,9.40,100.096,6.144,74.52,0
22:54:03,3115,4.20,100.608,2.688,66.6,0
22:54:15,3116,1.20,100.096,2.432,68.76,0
22:54:48,3121,4.40,100.736,7.616,121.68,0
22:55:02,3124,4.00,100.16,2.88,76.68,0
22:55:13,3127,7.00,100.224,5.888,112.32,0
22:55:19,3128,4.40,100.544,18.816,-80.64,0
22:55:39,3130,5.00,100.864,6.4,115.92,0
22:55:44,3131,5.40,100.8,20.032,-101.16,0.36
22:56:24,3132,5.00,100.992,11.2,116.28,0
22:57:21,3134,7.40,100.48,5.824,89.28,0
22:57:37,3135,4.60,100.672,2.56,75.24,0
22:57:44,3136,5.00,100.608,6.208,101.16,0
22:58:17,3141,4.40,100.8,2.816,84.96,0
22:58:55,3145,8.00,100.16,5.824,100.8,0
22:59:25,3148,4.40,100.16,11.136,68.76,0
22:59:25,3147,8.40,100.672,1.728,69.84,-0.36
22:59:43,3149,4.40,100.928,6.272,90.36,0
22:59:58,3151,4.40,100.288,9.792,133.2,0
23:00:09,3153,6.40,100.736,6.08,101.88,0
23:00:46,3157,4.40,100.544,22.336,-73.08,-0.36
23:02:10,3159,4.40,100.416,22.464,-72,-0.36
23:02:10,3161,3.20,100.928,26.304,-71.64,-0.72
23:02:10,3160,8.60,100.032,18.944,-90,2.52
23:02:18,3162,6.00,100.16,2.88,89.64,0
23:04:08,3167,5.00,100.224,9.152,125.64,0
23:06:10,3170,11.00,100.672,2.496,75.24,0
23:06:37,3171,4.40,100.672,9.408,111.24,0
23:06:51,3172,6.00,100.8,2.624,75.24,0
23:06:52,3174,4.40,100.416,25.536,-79.2,0
23:06:55,3175,3.00,100.8,6.08,92.16,0
23:07:04,3176,5.40,100.416,19.584,-77.76,1.08
23:07:15,3179,5.00,100.8,6.144,84.24,0
23:08:19,3182,5.40,100.16,6.464,63.36,0
23:08:54,3183,6.40,100.032,19.584,-66.96,-1.8
23:09:02,3185,3.00,100.8,4.224,74.88,0
23:10:32,3195,8.40,100.672,6.144,72.36,0
23:11:10,3197,9.00,100.928,21.248,-73.44,1.44
23:11:22,3199,7.20,100.48,3.712,71.64,0
23:11:38,3204,4.40,100.736,10.24,64.08,0
23:11:38,3203,1.20,100.352,2.816,64.08,0
23:12:15,3211,4.60,100.16,2.688,83.16,0
23:12:28,3214,1.40,100.608,5.504,83.52,0
23:12:36,3216,3.00,100.928,4.736,74.52,0
23:12:48,3217,5.00,100.416,9.92,103.68,0
23:13:26,3219,4.40,100.096,6.272,101.16,0
23:14:12,3221,8.40,100.16,9.664,108,0
23:14:32,3222,6.00,100.608,5.952,99.72,0
23:15:48,3223,4.40,100.16,18.24,-73.08,1.44
23:15:52,3224,8.60,100.352,25.408,-78.48,2.16
23:16:01,3229,3.20,100.288,1.472,76.68,-0.72
23:16:01,3227,1.20,100.032,3.392,75.6,0
23:16:28,3231,5.00,100.544,6.528,109.08,0
23:17:04,3235,4.40,100.224,10.88,128.16,0
23:17:10,3236,6.40,100.544,6.4,94.32,0
23:17:42,3237,7.00,100.672,9.472,143.28,0
23:17:51,3240,5.00,100.544,23.808,-55.8,-0.36
23:17:51,3239,4.40,100.288,22.016,-54.36,-1.8
23:18:37,3241,4.40,100.352,20.416,-81.72,2.88
23:18:50,3242,5.00,100.928,21.696,-72.72,1.08
23:19:55,3245,8.00,100.8,11.264,101.16,0
23:20:18,3249,5.00,100.352,7.04,98.64,0
23:21:20,3251,5.40,100.288,3.392,90.36,0
23:21:29,3252,4.40,100.928,7.04,114.12,0
23:22:03,3254,1.40,100.608,2.944,89.64,0
23:22:05,3255,4.40,100.544,6.4,93.6,0
23:22:09,3256,4.40,100.416,6.208,90.36,0
23:23:35,3261,4.40,100.672,10.112,113.04,0
23:24:26,3263,1.00,100.864,2.432,74.88,0
23:25:48,3266,8.60,100.288,2.432,86.04,0
23:26:43,3268,8.60,100.608,7.36,78.84,0
23:27:27,3272,5.00,100.672,6.464,92.88,0
23:28:56,3276,8.60,100.864,23.744,-69.48,-1.8
23:30:59,3278,8.60,100.16,18.944,-71.28,1.44
23:31:03,3279,8.60,100.224,18.88,-71.64,0.72
23:31:07,3280,4.00,100.032,5.568,78.84,0
23:31:20,3282,5.00,100.544,19.712,-72.36,2.16
23:32:09,3284,5.40,100.16,22.208,-75.24,0
23:32:40,3286,4.40,100.544,10.24,109.44,0
23:35:04,3290,7.40,100.864,6.08,119.16,0
23:35:05,3289,4.40,100.48,9.728,75.24,0
23:35:31,3291,12.40,100.992,5.76,84.6,0
23:36:20,3294,4.40,100.352,27.776,-77.04,2.52
23:36:51,3295,4.00,100.096,6.272,74.88,0
23:38:13,3300,4.00,100.864,5.824,77.4,0
23:38:17,3302,4.40,100.608,10.304,64.44,0
23:38:18,3301,12.40,100.736,2.688,65.88,0
23:38:34,3303,5.00,100.48,6.08,118.8,0
23:38:47,3306,4.40,100.736,9.472,132.12,0
23:38:48,3305,4.40,100.544,28.352,-75.24,1.8
23:39:23,3307,6.40,100.928,19.904,-74.16,0.36
23:39:29,3308,6.00,100.672,5.696,83.16,0
23:39:34,3309,4.40,100.352,2.176,61.92,0
23:39:49,3310,4.40,100.864,9.408,107.28,0
23:40:27,3313,8.60,100.736,5.632,74.88,0
23:40:35,3314,4.60,100.672,2.368,81.36,0
23:40:41,3315,4.40,100.608,14.144,-86.4,0
23:41:10,3318,7.00,100.928,6.912,90.36,0
23:41:12,3319,4.40,100.608,6.848,95.04,0
23:41:17,3320,5.00,100.992,6.848,119.52,0
23:41:58,3321,6.00,100.992,3.264,88.2,0
23:42:15,3324,5.00,100.736,21.76,-79.2,-0.72
23:42:20,3325,5.40,100.608,22.656,-74.52,0.36
23:43:07,3331,7.00,100.544,6.592,75.96,0
23:43:11,3332,5.00,100.672,6.208,115.2,0
23:43:31,3337,4.40,100.224,10.688,111.96,0
23:43:31,3338,4.40,100.48,13.312,111.96,0
23:44:42,3342,4.40,100.48,24.064,-69.48,-0.72
23:45:03,3344,6.00,100.48,2.944,77.04,0
23:45:07,3346,4.40,100.672,19.456,-70.2,0
23:45:12,3347,2.40,100.16,2.944,76.32,0
23:46:01,3358,8.40,100.416,2.88,55.44,0
23:46:11,3359,7.00,100.48,5.76,81.36,0
23:47:28,3364,1.20,100.16,5.376,86.4,0
23:48:03,3367,8.60,100.736,3.072,72.72,0
23:48:13,3368,4.40,100.352,23.296,-77.04,2.16
23:48:38,3371,4.40,100.8,9.408,117.36,0
23:49:16,3377,3.00,100.928,5.44,76.68,0
23:50:14,3381,8.60,100.608,25.344,-87.12,1.44
23:50:14,3380,8.60,100.544,28.928,-88.56,0
23:50:40,3382,8.60,100.672,23.104,-73.8,-0.36
23:51:19,3384,5.00,100.416,24.128,-71.28,-0.36
23:52:16,3386,7.00,100.224,6.72,68.76,0
23:53:37,3389,8.40,100.928,6.848,77.04,0
23:54:56,3394,5.00,100.352,6.144,83.16,0
23:55:35,3401,8.60,100.032,5.76,73.08,0
23:55:39,3400,8.60,100.032,22.464,-82.44,0.36
23:55:40,3402,8.60,100.992,22.272,-80.28,1.8
23:55:45,3405,4.40,100.928,23.68,-68.4,-1.44
23:55:52,3404,8.60,100.672,24.384,-75.24,2.52
23:57:38,3411,8.00,100.736,5.888,76.68,0
23:58:57,3414,4.40,100.608,8.512,115.92,0
23:59:03,3415,7.00,100.352,6.208,90,0
23:59:10,3416,8.60,100.48,21.568,-77.04,2.16
23:59:31,3419,4.40,100.416,8.512,120.6,0
